{
  "BTC/USDT|supply|67093.63150000|67298.40000000": {
    "in_zone": false,
    "last_alert_at": 0.0
  },
  "BTC/USDT|demand|59136.70000000|59341.46850000": {
    "in_zone": false,
    "last_alert_at": 0.0
  },
  "ETH/USDT|supply|1841.98925000|1849.37000000": {
    "in_zone": false,
    "last_alert_at": 0.0
  },
  "ETH/USDT|demand|1603.39000000|1610.77075000": {
    "in_zone": false,
    "last_alert_at": 0.0
  },
  "SOL/USDT|supply|75.72505000|76.09000000": {
    "in_zone": false,
    "last_alert_at": 0.0
  },
  "SOL/USDT|demand|60.14000000|60.50495000": {
    "in_zone": false,
    "last_alert_at": 0.0
  },
  "XRP/USDT|supply|1.28766465|1.29313000": {
    "in_zone": false,
    "last_alert_at": 0.0
  },
  "XRP/USDT|demand|1.12650000|1.13196535": {
    "in_zone": false,
    "last_alert_at": 0.0
  },
  "LINK/USDT|supply|8.56534600|8.60560000": {
    "in_zone": false,
    "last_alert_at": 0.0
  },
  "LINK/USDT|demand|7.48930000|7.52955400": {
    "in_zone": false,
    "last_alert_at": 0.0
  },
  "SUI/USDT|supply|0.82376200|0.82840000": {
    "in_zone": false,
    "last_alert_at": 0.0
  },
  "SUI/USDT|demand|0.71400000|0.71863800": {
    "in_zone": false,
    "last_alert_at": 0.0
  },
  "DOGE/USDT|supply|0.09051015|0.09090000": {
    "in_zone": false,
    "last_alert_at": 0.0
  },
  "DOGE/USDT|demand|0.08186000|0.08224985": {
    "in_zone": true,
    "last_alert_at": 1781797164.1071823
  },
  "ADA/USDT|supply|0.18877950|0.18990000": {
    "in_zone": false,
    "last_alert_at": 0.0
  },
  "ADA/USDT|demand|0.15820000|0.15932050": {
    "in_zone": false,
    "last_alert_at": 0.0
  },
  "AVAX/USDT|supply|10.45013500|10.48600000": {
    "in_zone": false,
    "last_alert_at": 0.0
  },
  "AVAX/USDT|demand|6.22400000|6.25986500": {
    "in_zone": false,
    "last_alert_at": 0.0
  },
  "BNB/USDT|supply|743.74629000|745.61900000": {
    "in_zone": false,
    "last_alert_at": 0.0
  },
  "BTC/USDT|supply|67090.68150000|67298.40000000": {
    "in_zone": false,
    "last_alert_at": 0.0
  },
  "BTC/USDT|demand|59136.70000000|59344.41850000": {
    "in_zone": false,
    "last_alert_at": 0.0
  },
  "ETH/USDT|supply|1841.84140000|1849.37000000": {
    "in_zone": false,
    "last_alert_at": 0.0
  },
  "ETH/USDT|demand|1603.39000000|1610.91860000": {
    "in_zone": false,
    "last_alert_at": 0.0
  },
  "SOL/USDT|supply|75.71970000|76.09000000": {
    "in_zone": false,
    "last_alert_at": 0.0
  },
  "SOL/USDT|demand|60.14000000|60.51030000": {
    "in_zone": false,
    "last_alert_at": 0.0
  },
  "XRP/USDT|supply|1.28761200|1.29313000": {
    "in_zone": false,
    "last_alert_at": 0.0
  },
  "XRP/USDT|demand|1.12650000|1.13201800": {
    "in_zone": false,
    "last_alert_at": 0.0
  },
  "LINK/USDT|supply|8.56485300|8.60560000": {
    "in_zone": false,
    "last_alert_at": 0.0
  },
  "LINK/USDT|demand|7.48930000|7.53004700": {
    "in_zone": false,
    "last_alert_at": 0.0
  },
  "SUI/USDT|supply|0.82370300|0.82840000": {
    "in_zone": false,
    "last_alert_at": 0.0
  },
  "SUI/USDT|demand|0.66190000|0.66659700": {
    "in_zone": false,
    "last_alert_at": 0.0
  },
  "DOGE/USDT|supply|0.09050710|0.09090000": {
    "in_zone": false,
    "last_alert_at": 0.0
  },
  "DOGE/USDT|demand|0.08186000|0.08225290": {
    "in_zone": true,
    "last_alert_at": 1781798390.3175747
  },
  "ADA/USDT|supply|0.18877050|0.18990000": {
    "in_zone": false,
    "last_alert_at": 0.0
  },
  "ADA/USDT|demand|0.15820000|0.15932950": {
    "in_zone": false,
    "last_alert_at": 0.0
  },
  "AVAX/USDT|supply|10.44973000|10.48600000": {
    "in_zone": false,
    "last_alert_at": 0.0
  },
  "AVAX/USDT|demand|6.22400000|6.26027000": {
    "in_zone": true,
    "last_alert_at": 1781798391.005417
  },
  "BNB/USDT|supply|743.72520500|745.61900000": {
    "in_zone": false,
    "last_alert_at": 0.0
  }
}