{
  "BTCUSD|demand|61527.00000000|61606.09750000": {
    "in_zone": false,
    "last_alert_at": 0.0
  },
  "ETHUSD|supply|1943.32600000|1946.15000000": {
    "in_zone": false,
    "last_alert_at": 0.0
  },
  "ETHUSD|demand|1731.10000000|1733.36875000": {
    "in_zone": false,
    "last_alert_at": 0.0
  },
  "PAXGUSD|supply|4099.68475000|4100.10000000": {
    "in_zone": false,
    "last_alert_at": 0.0
  },
  "PAXGUSD|demand|3958.30000000|3961.25700000": {
    "in_zone": true,
    "last_alert_at": 1784313904.714874
  },
  "SOLUSD|supply|79.56302400|79.66000000": {
    "in_zone": false,
    "last_alert_at": 0.0
  },
  "XRPUSD|supply|1.12905150|1.13040000": {
    "in_zone": false,
    "last_alert_at": 0.0
  },
  "XRPUSD|demand|1.05320000|1.05466750": {
    "in_zone": false,
    "last_alert_at": 0.0
  },
  "SLVONUSD|supply|54.24215000|54.25000000": {
    "in_zone": false,
    "last_alert_at": 0.0
  },
  "SLVONUSD|demand|49.74000000|49.81220000": {
    "in_zone": false,
    "last_alert_at": 0.0
  },
  "DOGEUSD|supply|0.07562571|0.07569000": {
    "in_zone": false,
    "last_alert_at": 0.0
  },
  "ZECUSD|supply|587.58005000|589.16000000": {
    "in_zone": false,
    "last_alert_at": 0.0
  },
  "ZECUSD|demand|524.00000000|525.32855000": {
    "in_zone": false,
    "last_alert_at": 0.0
  },
  "HYPEUSD|supply|61.00456000|61.15000000": {
    "in_zone": true,
    "last_alert_at": 1784313905.1348474
  },
  "HYPEUSD|demand|58.42000000|58.56053000": {
    "in_zone": false,
    "last_alert_at": 0.0
  },
  "RIVERUSD|supply|3.82854500|3.83600000": {
    "in_zone": false,
    "last_alert_at": 0.0
  },
  "RIVERUSD|demand|3.35400000|3.36389500": {
    "in_zone": true,
    "last_alert_at": 1784313905.3593667
  },
  "LINKUSD|supply|8.48174500|8.49200000": {
    "in_zone": false,
    "last_alert_at": 0.0
  },
  "LINKUSD|demand|7.66900000|7.67834500": {
    "in_zone": false,
    "last_alert_at": 0.0
  },
  "LTCUSD|supply|46.03590000|46.09000000": {
    "in_zone": false,
    "last_alert_at": 0.0
  },
  "AVAXUSD|supply|6.80167350|6.81200000": {
    "in_zone": false,
    "last_alert_at": 0.0
  },
  "AVAXUSD|demand|6.27400000|6.28188250": {
    "in_zone": false,
    "last_alert_at": 0.0
  },
  "QQQXUSD|supply|725.63300000|725.72000000": {
    "in_zone": false,
    "last_alert_at": 0.0
  },
  "QQQXUSD|demand|686.21000000|686.67130000": {
    "in_zone": true,
    "last_alert_at": 1784313905.5175347
  },
  "TSLAXUSD|supply|402.07195000|402.35000000": {
    "in_zone": false,
    "last_alert_at": 0.0
  },
  "TSLAXUSD|demand|377.95000000|378.32780000": {
    "in_zone": true,
    "last_alert_at": 1784313905.6756268
  },
  "SUIUSD|supply|0.76623650|0.76720000": {
    "in_zone": false,
    "last_alert_at": 0.0
  },
  "SUIUSD|demand|0.69800000|0.69907900": {
    "in_zone": false,
    "last_alert_at": 0.0
  },
  "METAXUSD|demand|578.40000000|579.14400000": {
    "in_zone": false,
    "last_alert_at": 0.0
  },
  "SPYXUSD|supply|754.97375000|755.04000000": {
    "in_zone": false,
    "last_alert_at": 0.0
  },
  "SPYXUSD|demand|736.90000000|737.08000000": {
    "in_zone": true,
    "last_alert_at": 1784313905.8812335
  },
  "AMZNXUSD|supply|258.32110000|258.50000000": {
    "in_zone": false,
    "last_alert_at": 0.0
  },
  "AMZNXUSD|demand|238.80000000|238.98000000": {
    "in_zone": false,
    "last_alert_at": 0.0
  },
  "NVDAXUSD|demand|199.10000000|199.39525000": {
    "in_zone": false,
    "last_alert_at": 0.0
  },
  "AAPLXUSD|range_filter|buy": {
    "last_alert_at": 1784313906.1173468
  },
  "AAPLXUSD|supply|338.46475000|338.75000000": {
    "in_zone": true,
    "last_alert_at": 1784314356.7542348
  },
  "AAPLXUSD|demand|326.30000000|326.52675000": {
    "in_zone": false,
    "last_alert_at": 0.0
  },
  "XMRUSD|supply|338.31750000|338.61000000": {
    "in_zone": false,
    "last_alert_at": 0.0
  },
  "CRCLXUSD|range_filter|sell": {
    "last_alert_at": 1784313906.2783678
  },
  "CRCLXUSD|supply|65.92475000|66.00000000": {
    "in_zone": false,
    "last_alert_at": 0.0
  },
  "GOOGLXUSD|supply|379.88630000|380.20000000": {
    "in_zone": false,
    "last_alert_at": 0.0
  },
  "GOOGLXUSD|demand|342.00000000|342.50050000": {
    "in_zone": true,
    "last_alert_at": 1784313906.4193022
  },
  "COINXUSD|supply|165.48510000|165.74000000": {
    "in_zone": false,
    "last_alert_at": 0.0
  },
  "COINXUSD|demand|153.45000000|153.64735000": {
    "in_zone": false,
    "last_alert_at": 0.0
  },
  "BNBUSD|demand|555.31000000|555.76303000": {
    "in_zone": false,
    "last_alert_at": 0.0
  },
  "ADAUSD|supply|0.17455650|0.17480000": {
    "in_zone": false,
    "last_alert_at": 0.0
  },
  "DOTUSD|supply|0.88473500|0.88600000": {
    "in_zone": false,
    "last_alert_at": 0.0
  },
  "DOTUSD|demand|0.81700000|0.81869500": {
    "in_zone": false,
    "last_alert_at": 0.0
  },
  "BCHUSD|supply|226.30875000|226.74000000": {
    "in_zone": false,
    "last_alert_at": 0.0
  },
  "NEARUSD|supply|2.08484900|2.08800000": {
    "in_zone": false,
    "last_alert_at": 0.0
  },
  "NEARUSD|demand|1.84410000|1.84813200": {
    "in_zone": false,
    "last_alert_at": 0.0
  },
  "AAVEUSD|supply|99.81130500|99.99000000": {
    "in_zone": false,
    "last_alert_at": 0.0
  },
  "AAVEUSD|demand|85.97000000|86.15052500": {
    "in_zone": false,
    "last_alert_at": 0.0
  },
  "UNIUSD|supply|3.84090900|3.85000000": {
    "in_zone": false,
    "last_alert_at": 0.0
  },
  "UNIUSD|demand|3.43800000|3.44567250": {
    "in_zone": false,
    "last_alert_at": 0.0
  },
  "APTUSD|demand|0.57700000|0.57767450": {
    "in_zone": false,
    "last_alert_at": 0.0
  },
  "ARBUSD|supply|0.09330450|0.09350000": {
    "in_zone": false,
    "last_alert_at": 0.0
  },
  "ARBUSD|demand|0.08560000|0.08573300": {
    "in_zone": false,
    "last_alert_at": 0.0
  },
  "OPUSD|supply|0.09749100|0.09760000": {
    "in_zone": true,
    "last_alert_at": 1784313906.6881742
  },
  "OPUSD|demand|0.09500000|0.09512000": {
    "in_zone": false,
    "last_alert_at": 0.0
  },
  "INJUSD|supply|5.20394500|5.21100000": {
    "in_zone": false,
    "last_alert_at": 0.0
  },
  "INJUSD|demand|4.54000000|4.54771000": {
    "in_zone": false,
    "last_alert_at": 0.0
  },
  "TIAUSD|supply|0.42323000|0.42440000": {
    "in_zone": false,
    "last_alert_at": 0.0
  },
  "TIAUSD|demand|0.37290000|0.37351550": {
    "in_zone": false,
    "last_alert_at": 0.0
  },
  "SEIUSD|supply|0.05062590|0.05070000": {
    "in_zone": false,
    "last_alert_at": 0.0
  },
  "SEIUSD|demand|0.04640000|0.04644100": {
    "in_zone": false,
    "last_alert_at": 0.0
  },
  "FILUSD|supply|0.78960000|0.79000000": {
    "in_zone": false,
    "last_alert_at": 0.0
  },
  "FILUSD|demand|0.73500000|0.73575500": {
    "in_zone": false,
    "last_alert_at": 0.0
  },
  "ETCUSD|demand|6.82300000|6.82622000": {
    "in_zone": false,
    "last_alert_at": 0.0
  },
  "TRIA/USDT|supply|0.00948995|0.00952900": {
    "in_zone": false,
    "last_alert_at": 0.0
  },
  "TRIA/USDT|demand|0.00744500|0.00748637": {
    "in_zone": false,
    "last_alert_at": 0.0
  },
  "VIRTUAL/USDT|supply|0.66267000|0.66440000": {
    "in_zone": false,
    "last_alert_at": 0.0
  },
  "VIRTUAL/USDT|demand|0.58230000|0.58329950": {
    "in_zone": false,
    "last_alert_at": 0.0
  },
  "ONDOUSD|supply|0.39302900|0.39450000": {
    "in_zone": false,
    "last_alert_at": 0.0
  },
  "ONDOUSD|demand|0.35950000|0.36107100": {
    "in_zone": false,
    "last_alert_at": 0.0
  },
  "FET/USDT|supply|0.16476350|0.16500000": {
    "in_zone": false,
    "last_alert_at": 0.0
  },
  "PUMPUSD|supply|0.00177862|0.00178500": {
    "in_zone": false,
    "last_alert_at": 0.0
  },
  "PUMPUSD|demand|0.00138400|0.00138556": {
    "in_zone": false,
    "last_alert_at": 0.0
  },
  "T/USDT|range_filter|sell": {
    "last_alert_at": 1784313906.772046
  },
  "T/USDT|supply|0.00471690|0.00473000": {
    "in_zone": false,
    "last_alert_at": 0.0
  },
  "T/USDT|demand|0.00393000|0.00393885": {
    "in_zone": false,
    "last_alert_at": 0.0
  },