{
  "BTCUSD|demand|61527.00000000|61606.09750000": {
    "in_zone": false,
    "last_alert_at": 0.0
  },
  "ETHUSD|supply|1943.32600000|1946.15000000": {
    "in_zone": false,
    "last_alert_at": 0.0
  },
  "ETHUSD|demand|1731.10000000|1733.36875000": {
    "in_zone": false,
    "last_alert_at": 0.0
  },
  "PAXGUSD|supply|4099.68475000|4100.10000000": {
    "in_zone": false,
    "last_alert_at": 0.0
  },
  "PAXGUSD|demand|3958.30000000|3961.25700000": {
    "in_zone": true,
    "last_alert_at": 1784319121.2819352
  },
  "SOLUSD|supply|79.56302400|79.66000000": {
    "in_zone": false,
    "last_alert_at": 0.0
  },
  "XRPUSD|supply|1.12905150|1.13040000": {
    "in_zone": false,
    "last_alert_at": 0.0
  },
  "XRPUSD|demand|1.05320000|1.05466750": {
    "in_zone": false,
    "last_alert_at": 0.0
  },
  "SLVONUSD|supply|54.24215000|54.25000000": {
    "in_zone": false,
    "last_alert_at": 0.0
  },
  "SLVONUSD|demand|49.74000000|49.81220000": {
    "in_zone": false,
    "last_alert_at": 0.0
  },
  "DOGEUSD|supply|0.07562571|0.07569000": {
    "in_zone": false,
    "last_alert_at": 0.0
  },
  "ZECUSD|supply|587.58005000|589.16000000": {
    "in_zone": false,
    "last_alert_at": 0.0
  },
  "ZECUSD|demand|524.00000000|525.32855000": {
    "in_zone": false,
    "last_alert_at": 0.0
  },
  "HYPEUSD|supply|61.00456000|61.15000000": {
    "in_zone": true,
    "last_alert_at": 1784319121.4535878
  },
  "HYPEUSD|demand|58.42000000|58.56053000": {
    "in_zone": false,
    "last_alert_at": 0.0
  },
  "RIVERUSD|supply|3.82854500|3.83600000": {
    "in_zone": false,
    "last_alert_at": 0.0
  },
  "RIVERUSD|demand|3.14000000|3.14968500": {
    "in_zone": false,
    "last_alert_at": 0.0
  },
  "LINKUSD|supply|8.48174500|8.49200000": {
    "in_zone": false,
    "last_alert_at": 0.0
  },
  "LINKUSD|demand|7.66900000|7.67834500": {
    "in_zone": false,
    "last_alert_at": 0.0
  },
  "LTCUSD|supply|46.03590000|46.09000000": {
    "in_zone": false,
    "last_alert_at": 0.0
  },
  "AVAXUSD|supply|6.80167350|6.81200000": {
    "in_zone": false,
    "last_alert_at": 0.0
  },
  "AVAXUSD|demand|6.27400000|6.28188250": {
    "in_zone": false,
    "last_alert_at": 0.0
  },
  "QQQXUSD|range_filter|sell": {
    "last_alert_at": 1784319121.7222981
  },
  "QQQXUSD|supply|725.63300000|725.72000000": {
    "in_zone": false,
    "last_alert_at": 0.0
  },
  "QQQXUSD|demand|686.21000000|686.67130000": {
    "in_zone": true,
    "last_alert_at": 1784319121.7222981
  },
  "TSLAXUSD|range_filter|sell": {
    "last_alert_at": 1784319122.0718708
  },
  "TSLAXUSD|supply|402.07195000|402.35000000": {
    "in_zone": false,
    "last_alert_at": 0.0
  },
  "TSLAXUSD|demand|377.95000000|378.32780000": {
    "in_zone": true,
    "last_alert_at": 1784319122.0718708
  },
  "SUIUSD|supply|0.76623650|0.76720000": {
    "in_zone": false,
    "last_alert_at": 0.0
  },
  "SUIUSD|demand|0.69800000|0.69907900": {
    "in_zone": false,
    "last_alert_at": 0.0
  },
  "METAXUSD|demand|626.90000000|627.74005000": {
    "in_zone": false,
    "last_alert_at": 0.0
  },
  "SPYXUSD|supply|754.97375000|755.04000000": {
    "in_zone": false,
    "last_alert_at": 0.0
  },
  "SPYXUSD|demand|738.42000000|738.63260000": {
    "in_zone": true,
    "last_alert_at": 1784319122.5670474
  },
  "AMZNXUSD|supply|258.32110000|258.50000000": {
    "in_zone": false,
    "last_alert_at": 0.0
  },
  "AMZNXUSD|demand|238.80000000|238.98000000": {
    "in_zone": false,
    "last_alert_at": 0.0
  },
  "NVDAXUSD|demand|199.10000000|199.39525000": {
    "in_zone": false,
    "last_alert_at": 0.0
  },
  "AAPLXUSD|supply|338.46475000|338.75000000": {
    "in_zone": false,
    "last_alert_at": 0.0
  },
  "AAPLXUSD|demand|326.30000000|326.52675000": {
    "in_zone": false,
    "last_alert_at": 0.0
  },
  "XMRUSD|supply|338.54660000|339.12000000": {
    "in_zone": false,
    "last_alert_at": 0.0
  },
  "CRCLXUSD|supply|65.92475000|66.00000000": {
    "in_zone": false,
    "last_alert_at": 0.0
  },
  "GOOGLXUSD|supply|379.88630000|380.20000000": {
    "in_zone": false,
    "last_alert_at": 0.0
  },
  "GOOGLXUSD|demand|342.00000000|342.50050000": {
    "in_zone": false,
    "last_alert_at": 0.0
  },
  "COINXUSD|range_filter|sell": {
    "last_alert_at": 1784319122.792421
  },
  "COINXUSD|supply|167.67720000|167.97000000": {
    "in_zone": false,
    "last_alert_at": 0.0
  },
  "BNBUSD|demand|555.31000000|555.76303000": {
    "in_zone": false,
    "last_alert_at": 0.0
  },
  "ADAUSD|supply|0.17455650|0.17480000": {
    "in_zone": false,
    "last_alert_at": 0.0
  },
  "DOTUSD|supply|0.88473500|0.88600000": {
    "in_zone": false,
    "last_alert_at": 0.0
  },
  "DOTUSD|demand|0.81700000|0.81869500": {
    "in_zone": false,
    "last_alert_at": 0.0
  },
  "BCHUSD|supply|226.30875000|226.74000000": {
    "in_zone": false,
    "last_alert_at": 0.0
  },
  "NEARUSD|supply|2.10342900|2.10730000": {
    "in_zone": false,
    "last_alert_at": 0.0
  },
  "NEARUSD|demand|1.84230000|1.84733900": {
    "in_zone": false,
    "last_alert_at": 0.0
  },
  "AAVEUSD|supply|91.80492500|91.94000000": {
    "in_zone": false,
    "last_alert_at": 0.0
  },
  "AAVEUSD|demand|85.97000000|86.15052500": {
    "in_zone": false,
    "last_alert_at": 0.0
  },
  "UNIUSD|supply|3.84090900|3.85000000": {
    "in_zone": false,
    "last_alert_at": 0.0
  },
  "UNIUSD|demand|3.43800000|3.44567250": {
    "in_zone": false,
    "last_alert_at": 0.0
  },
  "APTUSD|supply|0.64686550|0.64760000": {
    "in_zone": false,
    "last_alert_at": 0.0
  },
  "APTUSD|demand|0.57820000|0.57925150": {
    "in_zone": false,
    "last_alert_at": 0.0
  },
  "ARBUSD|demand|0.08440000|0.08465850": {
    "in_zone": false,
    "last_alert_at": 0.0
  },
  "OPUSD|supply|0.09774800|0.09790000": {
    "in_zone": true,
    "last_alert_at": 1784319122.9714313
  },
  "OPUSD|demand|0.09500000|0.09516150": {
    "in_zone": false,
    "last_alert_at": 0.0
  },
  "INJUSD|supply|5.20697500|5.21600000": {
    "in_zone": false,
    "last_alert_at": 0.0
  },
  "INJUSD|demand|4.62000000|4.62844000": {
    "in_zone": false,
    "last_alert_at": 0.0
  },
  "TIAUSD|supply|0.42403650|0.42540000": {
    "in_zone": false,
    "last_alert_at": 0.0
  },
  "TIAUSD|demand|0.37290000|0.37383450": {
    "in_zone": false,
    "last_alert_at": 0.0
  },
  "SEIUSD|supply|0.05151525|0.05162000": {
    "in_zone": false,
    "last_alert_at": 0.0
  },
  "SEIUSD|demand|0.04632000|0.04641180": {
    "in_zone": true,
    "last_alert_at": 1784319123.179559
  },
  "FILUSD|supply|0.81706900|0.81830000": {
    "in_zone": false,
    "last_alert_at": 0.0
  },
  "FILUSD|demand|0.73400000|0.73524850": {
    "in_zone": false,
    "last_alert_at": 0.0
  },
  "ETCUSD|demand|6.82300000|6.82622000": {
    "in_zone": false,
    "last_alert_at": 0.0
  },
  "TRIA/USDT|supply|0.00948995|0.00952900": {
    "in_zone": false,
    "last_alert_at": 0.0
  },
  "TRIA/USDT|demand|0.00744500|0.00748637": {
    "in_zone": false,
    "last_alert_at": 0.0
  },
  "VIRTUAL/USDT|supply|0.66267000|0.66440000": {
    "in_zone": false,
    "last_alert_at": 0.0
  },
  "VIRTUAL/USDT|demand|0.58230000|0.58329950": {
    "in_zone": false,
    "last_alert_at": 0.0
  },
  "ONDOUSD|supply|0.39302900|0.39450000": {
    "in_zone": false,
    "last_alert_at": 0.0
  },
  "ONDOUSD|demand|0.35950000|0.36107100": {
    "in_zone": false,
    "last_alert_at": 0.0
  },
  "FET/USDT|supply|0.16476350|0.16500000": {
    "in_zone": false,
    "last_alert_at": 0.0
  },
  "PUMPUSD|supply|0.00177862|0.00178500": {
    "in_zone": false,
    "last_alert_at": 0.0
  },
  "PUMPUSD|demand|0.00138400|0.00138556": {
    "in_zone": false,
    "last_alert_at": 0.0
  },
  "T/USDT|supply|0.00471690|0.00473000": {
    "in_zone": false,
    "last_alert_at": 0.0
  },
  "T/USDT|demand|0.00393000|0.00393885": {
    "in_zone": false,
    "last_alert_at": 0.0
  },
  "1000BONKUSD|supply|0.00354594|0.00355300": {
    "in_zone": false,
    "last_alert_at": 0.0
  },