{
  "BTC/USDT|supply|67093.63150000|67298.40000000": {
    "in_zone": false,
    "last_alert_at": 0.0
  },
  "BTC/USDT|demand|59136.70000000|59341.46850000": {
    "in_zone": false,
    "last_alert_at": 0.0
  },
  "ETH/USDT|supply|1841.98925000|1849.37000000": {
    "in_zone": false,
    "last_alert_at": 0.0
  },
  "ETH/USDT|demand|1603.39000000|1610.77075000": {
    "in_zone": false,
    "last_alert_at": 0.0
  },
  "SOL/USDT|supply|75.72505000|76.09000000": {
    "in_zone": false,
    "last_alert_at": 0.0
  },
  "SOL/USDT|demand|60.14000000|60.50495000": {
    "in_zone": false,
    "last_alert_at": 0.0
  },
  "XRP/USDT|supply|1.28766465|1.29313000": {
    "in_zone": false,
    "last_alert_at": 0.0
  },
  "XRP/USDT|demand|1.12650000|1.13196535": {
    "in_zone": false,
    "last_alert_at": 0.0
  },
  "LINK/USDT|supply|8.56534600|8.60560000": {
    "in_zone": false,
    "last_alert_at": 0.0
  },
  "LINK/USDT|demand|7.48930000|7.52955400": {
    "in_zone": false,
    "last_alert_at": 0.0
  },
  "SUI/USDT|supply|0.82376200|0.82840000": {
    "in_zone": false,
    "last_alert_at": 0.0
  },
  "SUI/USDT|demand|0.71400000|0.71863800": {
    "in_zone": false,
    "last_alert_at": 0.0
  },
  "DOGE/USDT|supply|0.09051015|0.09090000": {
    "in_zone": false,
    "last_alert_at": 0.0
  },
  "DOGE/USDT|demand|0.08186000|0.08224985": {
    "in_zone": true,
    "last_alert_at": 1781797164.1071823
  },
  "ADA/USDT|supply|0.18877950|0.18990000": {
    "in_zone": false,
    "last_alert_at": 0.0
  },
  "ADA/USDT|demand|0.15820000|0.15932050": {
    "in_zone": false,
    "last_alert_at": 0.0
  },
  "AVAX/USDT|supply|10.45013500|10.48600000": {
    "in_zone": false,
    "last_alert_at": 0.0
  },
  "AVAX/USDT|demand|6.22400000|6.25986500": {
    "in_zone": false,
    "last_alert_at": 0.0
  },
  "BNB/USDT|supply|743.74629000|745.61900000": {
    "in_zone": false,
    "last_alert_at": 0.0
  },
  "BTC/USDT|supply|67090.68150000|67298.40000000": {
    "in_zone": false,
    "last_alert_at": 0.0
  },
  "BTC/USDT|demand|59136.70000000|59344.41850000": {
    "in_zone": false,
    "last_alert_at": 0.0
  },
  "ETH/USDT|supply|1841.84140000|1849.37000000": {
    "in_zone": false,
    "last_alert_at": 0.0
  },
  "ETH/USDT|demand|1603.39000000|1610.91860000": {
    "in_zone": false,
    "last_alert_at": 0.0
  },
  "SOL/USDT|supply|75.71970000|76.09000000": {
    "in_zone": false,
    "last_alert_at": 0.0
  },
  "SOL/USDT|demand|60.14000000|60.51030000": {
    "in_zone": false,
    "last_alert_at": 0.0
  },
  "XRP/USDT|supply|1.28761200|1.29313000": {
    "in_zone": false,
    "last_alert_at": 0.0
  },
  "XRP/USDT|demand|1.12650000|1.13201800": {
    "in_zone": false,
    "last_alert_at": 0.0
  },
  "LINK/USDT|supply|8.56485300|8.60560000": {
    "in_zone": false,
    "last_alert_at": 0.0
  },
  "LINK/USDT|demand|7.48930000|7.53004700": {
    "in_zone": false,
    "last_alert_at": 0.0
  },
  "SUI/USDT|supply|0.82370300|0.82840000": {
    "in_zone": false,
    "last_alert_at": 0.0
  },
  "SUI/USDT|demand|0.66190000|0.66659700": {
    "in_zone": false,
    "last_alert_at": 0.0
  },
  "DOGE/USDT|supply|0.09050710|0.09090000": {
    "in_zone": false,
    "last_alert_at": 0.0
  },
  "DOGE/USDT|demand|0.08186000|0.08225290": {
    "in_zone": true,
    "last_alert_at": 1781798390.3175747
  },
  "ADA/USDT|supply|0.18877050|0.18990000": {
    "in_zone": false,
    "last_alert_at": 0.0
  },
  "ADA/USDT|demand|0.15820000|0.15932950": {
    "in_zone": false,
    "last_alert_at": 0.0
  },
  "AVAX/USDT|supply|10.44973000|10.48600000": {
    "in_zone": false,
    "last_alert_at": 0.0
  },
  "AVAX/USDT|demand|6.22400000|6.26027000": {
    "in_zone": true,
    "last_alert_at": 1781798391.005417
  },
  "BNB/USDT|supply|743.72520500|745.61900000": {
    "in_zone": false,
    "last_alert_at": 0.0
  },
  "BTC/USDT|supply|67093.38600000|67298.40000000": {
    "in_zone": false,
    "last_alert_at": 0.0
  },
  "BTC/USDT|demand|59136.70000000|59341.71400000": {
    "in_zone": false,
    "last_alert_at": 0.0
  },
  "ETH/USDT|supply|1841.95290000|1849.37000000": {
    "in_zone": false,
    "last_alert_at": 0.0
  },
  "ETH/USDT|demand|1603.39000000|1610.80710000": {
    "in_zone": false,
    "last_alert_at": 0.0
  },
  "SOL/USDT|supply|75.72390000|76.09000000": {
    "in_zone": false,
    "last_alert_at": 0.0
  },
  "SOL/USDT|demand|60.14000000|60.50610000": {
    "in_zone": false,
    "last_alert_at": 0.0
  },
  "XRP/USDT|supply|1.28763155|1.29313000": {
    "in_zone": false,
    "last_alert_at": 0.0
  },
  "XRP/USDT|demand|1.12650000|1.13199845": {
    "in_zone": false,
    "last_alert_at": 0.0
  },
  "LINK/USDT|supply|8.56531400|8.60560000": {
    "in_zone": false,
    "last_alert_at": 0.0
  },
  "LINK/USDT|demand|7.48930000|7.52958600": {
    "in_zone": false,
    "last_alert_at": 0.0
  },
  "SUI/USDT|supply|0.82373500|0.82840000": {
    "in_zone": false,
    "last_alert_at": 0.0
  },
  "SUI/USDT|demand|0.66190000|0.66656500": {
    "in_zone": false,
    "last_alert_at": 0.0
  },
  "DOGE/USDT|supply|0.09051030|0.09090000": {
    "in_zone": false,
    "last_alert_at": 0.0
  },
  "DOGE/USDT|demand|0.08186000|0.08224970": {
    "in_zone": true,
    "last_alert_at": 1781802882.0309236
  },
  "ADA/USDT|supply|0.18877350|0.18990000": {
    "in_zone": false,
    "last_alert_at": 0.0
  },
  "ADA/USDT|demand|0.15820000|0.15932650": {
    "in_zone": false,
    "last_alert_at": 0.0
  },
  "AVAX/USDT|supply|10.44990500|10.48600000": {
    "in_zone": false,
    "last_alert_at": 0.0
  },
  "AVAX/USDT|demand|6.22400000|6.26009500": {
    "in_zone": false,
    "last_alert_at": 1781804786.8468375
  },
  "BNB/USDT|supply|743.73453500|745.61900000": {
    "in_zone": false,
    "last_alert_at": 0.0
  },
  "BTC/USDT|supply|67093.00950000|67298.40000000": {
    "in_zone": false,
    "last_alert_at": 0.0
  },
  "BTC/USDT|demand|59136.70000000|59342.09050000": {
    "in_zone": false,
    "last_alert_at": 0.0
  },
  "ETH/USDT|supply|1841.91005000|1849.37000000": {
    "in_zone": false,
    "last_alert_at": 0.0
  },
  "ETH/USDT|demand|1603.39000000|1610.84995000": {
    "in_zone": false,
    "last_alert_at": 0.0
  },
  "SUI/USDT|supply|0.82372550|0.82840000": {
    "in_zone": false,
    "last_alert_at": 0.0
  },
  "SUI/USDT|demand|0.66190000|0.66657450": {
    "in_zone": false,
    "last_alert_at": 0.0
  },
  "PAXG/USDT|supply|4554.85495000|4563.64000000": {
    "in_zone": false,
    "last_alert_at": 0.0
  },
  "PAXG/USDT|demand|4027.49000000|4036.27505000": {
    "in_zone": false,
    "last_alert_at": 0.0
  },
  "SOL/USDT|supply|75.72380000|76.09000000": {
    "in_zone": false,
    "last_alert_at": 0.0
  },
  "SOL/USDT|demand|60.14000000|60.50620000": {
    "in_zone": false,
    "last_alert_at": 0.0
  },
  "XRP/USDT|supply|1.28763125|1.29313000": {
    "in_zone": false,
    "last_alert_at": 0.0
  },
  "XRP/USDT|demand|1.12650000|1.13199875": {
    "in_zone": false,
    "last_alert_at": 0.0
  },
  "LTC/USDT|supply|46.18120000|46.36000000": {
    "in_zone": false,
    "last_alert_at": 0.0
  },
  "LTC/USDT|demand|40.52000000|40.69880000": {
    "in_zone": false,
    "last_alert_at": 0.0
  },
  "ZEC/USDT|supply|542.18861000|546.93900000": {
    "in_zone": false,
    "last_alert_at": 0.0
  },
  "ZEC/USDT|demand|401.52000000|406.27039000": {
    "in_zone": false,
    "last_alert_at": 0.0
  },
  "HYPE/USDT|supply|75.13749000|75.75700000": {
    "in_zone": false,
    "last_alert_at": 0.0
  },
  "HYPE/USDT|demand|34.45100000|35.07051000": {
    "in_zone": false,
    "last_alert_at": 0.0
  },
  "XMR/USDT|supply|434.42105000|438.36000000": {
    "in_zone": false,
    "last_alert_at": 0.0
  },
  "PAXG/USDT|supply|4554.85385000|4563.64000000": {
    "in_zone": false,
    "last_alert_at": 0.0
  },
  "PAXG/USDT|demand|4027.49000000|4036.27615000": {
    "in_zone": false,
    "last_alert_at": 0.0
  },
  "XMR/USDT|supply|434.41955000|438.36000000": {
    "in_zone": false,
    "last_alert_at": 0.0
  },